{"cameraMode":{"drawMode":0,"name":"Shaded","section":"Shading Mode"},"sceneLighting":false,"audioPlay":false,"sceneViewState":{"m_AlwaysRefresh":false,"showFog":true,"showSkybox":false,"showFlares":true,"showImageEffects":true,"showParticleSystems":true,"showVisualEffectGraphs":true,"m_FxEnabled":true},"in2DMode":false,"pivot":{"x":379.5142822265625,"y":234.28001403808595,"z":-1.6244697570800782},"rotation":{"x":0.01652407832443714,"y":0.7673916816711426,"z":-0.6408886313438416,"w":0.019932212308049203},"size":566.6146240234375,"orthographic":false}