{"cameraMode":{"drawMode":0,"name":"Shaded","section":"Shading Mode"},"sceneLighting":true,"audioPlay":false,"sceneViewState":{"m_AlwaysRefresh":false,"showFog":true,"showSkybox":true,"showFlares":true,"showImageEffects":true,"showParticleSystems":true,"showVisualEffectGraphs":true,"m_FxEnabled":true},"in2DMode":false,"pivot":{"x":-185.64407348632813,"y":5.579529285430908,"z":-353.23590087890627},"rotation":{"x":0.08380717039108277,"y":-0.6958305835723877,"z":0.08216739445924759,"w":0.7088935971260071},"size":11.826558113098145,"orthographic":false}