{"cameraMode":{"drawMode":0,"name":"Shaded","section":"Shading Mode"},"sceneLighting":true,"audioPlay":false,"sceneViewState":{"m_AlwaysRefresh":false,"showFog":true,"showSkybox":true,"showFlares":true,"showImageEffects":true,"showParticleSystems":true,"showVisualEffectGraphs":true,"m_FxEnabled":true},"in2DMode":false,"pivot":{"x":-20.760927200317384,"y":73.00105285644531,"z":4.36461067199707},"rotation":{"x":-0.0029053620528429748,"y":0.7547850012779236,"z":-0.6564198732376099,"w":-0.0034463522024452688},"size":95.06768798828125,"orthographic":false}