{"cameraMode":{"drawMode":0,"name":"Shaded","section":"Shading Mode"},"sceneLighting":true,"audioPlay":false,"sceneViewState":{"m_AlwaysRefresh":false,"showFog":true,"showSkybox":true,"showFlares":true,"showImageEffects":true,"showParticleSystems":true,"showVisualEffectGraphs":true,"m_FxEnabled":true},"in2DMode":false,"pivot":{"x":50.62340545654297,"y":-94.19022369384766,"z":67.10895538330078},"rotation":{"x":0.0032770424149930479,"y":0.933250367641449,"z":-0.35962730646133425,"w":0.00935242511332035},"size":88.73666381835938,"orthographic":false}