{"cameraMode":{"drawMode":0,"name":"Shaded","section":"Shading Mode"},"sceneLighting":true,"audioPlay":false,"sceneViewState":{"m_AlwaysRefresh":false,"showFog":true,"showSkybox":true,"showFlares":true,"showImageEffects":true,"showParticleSystems":true,"showVisualEffectGraphs":true,"m_FxEnabled":true},"in2DMode":false,"pivot":{"x":0.5348587036132813,"y":0.42420974373817446,"z":0.06254112720489502},"rotation":{"x":-0.28670844435691836,"y":-0.6487497687339783,"z":0.28364619612693789,"w":-0.6456702947616577},"size":0.8571245074272156,"orthographic":false}